{"version": "1.1alpha", "p_width": 1280, "p_height": 800, "p_frame_top": 24, "p_frame_left": 156, "p_frame_width": 951, "p_frame_height": 757, "s_name": "kinect_v2", "s_width": 512, "s_height": 424, "s_top": 122, "s_right": 115, "s_bottom": 86, "s_left": 128, "s_min": 1260, "s_max": 1660, "box_width": 1000.0, "box_height": 800.0, "aruco_corners": "{\"ids\":{\"0\":3,\"1\":1,\"2\":2,\"3\":7},\"Depth_x\":{\"0\":132.0,\"1\":409.0,\"2\":125.0,\"3\":395.0},\"Depth_y\":{\"0\":348.0,\"1\":334.0,\"2\":126.0,\"3\":116.0},\"Depth_Z(mm)\":{\"0\":1487.0,\"1\":2379.0,\"2\":2423.0,\"3\":1522.0},\"Color_x\":{\"0\":632.0,\"1\":1418.0,\"2\":605.0,\"3\":1398.0},\"Color_y\":{\"0\":895.0,\"1\":865.0,\"2\":255.0,\"3\":235.0},\"Camera_x(m)\":{\"0\":-0.4994152784,\"1\":0.9810103774,\"2\":-0.8582465053,\"3\":0.5685460567},\"Camera_y(m)\":{\"0\":-0.5654179454,\"1\":-0.815700829,\"2\":0.5298361778,\"3\":0.3738968968},\"Camera_z(m)\":{\"0\":1.4870001078,\"1\":2.3790001869,\"2\":2.4230000973,\"3\":1.5220000744}}", "camera_mtx": null, "camera_dist": null}