{"version": "1.1alpha", "p_width": 1280, "p_height": 800, "p_frame_top": 41, "p_frame_left": 184, "p_frame_width": 905, "p_frame_height": 739, "s_name": "kinect_v2", "s_width": 512, "s_height": 424, "s_top": 135, "s_right": 110, "s_bottom": 87, "s_left": 135, "s_min": 1234, "s_max": 1634, "box_width": 1000.0, "box_height": 800.0, "aruco_corners": "{\"ids\":{\"0\":7,\"1\":3,\"2\":8,\"3\":2},\"Depth_x\":{\"0\":137.0,\"1\":414.0,\"2\":399.0,\"3\":124.0},\"Depth_y\":{\"0\":350.0,\"1\":340.0,\"2\":119.0,\"3\":129.0},\"Depth_Z(mm)\":{\"0\":1506.0,\"1\":2374.0,\"2\":1547.0,\"3\":1402.0},\"Color_x\":{\"0\":646.0,\"1\":1433.0,\"2\":1409.0,\"3\":619.0},\"Color_y\":{\"0\":901.0,\"1\":883.0,\"2\":243.0,\"3\":263.0},\"Camera_x(m)\":{\"0\":-0.4853903055,\"1\":1.0122408867,\"2\":0.5945979357,\"3\":-0.5003786087},\"Camera_y(m)\":{\"0\":-0.5806766152,\"1\":-0.853504777,\"2\":0.3675481975,\"3\":0.2952387035},\"Camera_z(m)\":{\"0\":1.506000042,\"1\":2.3740000725,\"2\":1.5470000505,\"3\":1.4020000696}}", "camera_mtx": null, "camera_dist": null}