{"version": "1.1alpha", "p_width": 1280, "p_height": 800, "p_frame_top": 27, "p_frame_left": 154, "p_frame_width": 953, "p_frame_height": 759, "s_name": "kinect_v2", "s_width": 512, "s_height": 424, "s_top": 127, "s_right": 110, "s_bottom": 85, "s_left": 129, "s_min": 1281, "s_max": 1639, "box_width": 1000.0, "box_height": 800.0, "aruco_corners": "{\"ids\":{\"0\":8,\"1\":1,\"2\":3,\"3\":2},\"Depth_x\":{\"0\":408.0,\"1\":133.0,\"2\":396.0,\"3\":126.0},\"Depth_y\":{\"0\":336.0,\"1\":349.0,\"2\":118.0,\"3\":129.0},\"Depth_Z(mm)\":{\"0\":2385.0,\"1\":1476.0,\"2\":1554.0,\"3\":2395.0},\"Color_x\":{\"0\":1415.0,\"1\":635.0,\"2\":1400.0,\"3\":608.0},\"Color_y\":{\"0\":871.0,\"1\":898.0,\"2\":240.0,\"3\":263.0},\"Camera_x(m)\":{\"0\":0.9771103859,\"1\":-0.4917412102,\"2\":0.5846846104,\"3\":-0.8418774009},\"Camera_y(m)\":{\"0\":-0.8307105303,\"1\":-0.5652246475,\"2\":0.3733774722,\"3\":0.5043507218},\"Camera_z(m)\":{\"0\":2.3850002289,\"1\":1.4760000706,\"2\":1.55400002,\"3\":2.3950002193}}", "camera_mtx": null, "camera_dist": null}