{"version": "1.1alpha", "p_width": 1280, "p_height": 800, "p_frame_top": 21, "p_frame_left": 82, "p_frame_width": 1000, "p_frame_height": 730, "s_name": "kinect_v2", "s_width": 512, "s_height": 424, "s_top": 151, "s_right": 102, "s_bottom": 61, "s_left": 136, "s_min": 1347, "s_max": 1646, "box_width": 1000.0, "box_height": 800.0, "aruco_corners": "{\"Corners_RGB_x\":{\"0\":1447,\"1\":647,\"2\":1415,\"3\":651},\"ids\":{\"0\":15,\"1\":5,\"2\":1,\"3\":2},\"Corners_RGB_y\":{\"0\":951,\"1\":336,\"2\":317,\"3\":965}}", "camera_mtx": [[1977.4905366892494, 0.0, 547.6845435554575], [0.0, 2098.757943278828, 962.426967248953], [0.0, 0.0, 1.0]], "camera_dist": [[-0.1521704243263453], [-0.5137710352422746], [-0.010673768065933672], [0.01065954734833698], [2.2812034123550817], [0.15820606213404878], [0.5618247374672848], [-2.195963638734801], [0.0], [0.0], [0.0], [0.0], [0.0], [0.0]]}